cluster_min_x,cluster_max_x,cluster_min_y,cluster_max_y
-1.0,-0.42857,-1.0,-0.027030000000000002
0.2,1.0,0.13514,1.0
-1.0,-0.25714000000000004,0.18919,1.0
0.31429,1.0,-0.45946000000000004,0.24324
-0.48571000000000003,0.6,-0.6756800000000001,0.13514
-0.14286,0.7714300000000001,-1.0,-0.51351
-0.028569999999999998,0.71429,0.35135,1.0
-0.48571000000000003,-0.028569999999999998,-1.0,-0.2973
-0.37143000000000004,0.42857,0.027030000000000002,0.51351
-0.54286,-0.028569999999999998,0.51351,1.0
